-- MySQL dump 10.13  Distrib 8.0.37, for Linux (x86_64)
--
-- Host: localhost    Database: way4solution_pracovnici
-- ------------------------------------------------------
-- Server version	8.0.37-0ubuntu0.23.10.2

/*!40101 SET @OLD_CHARACTER_SET_CLIENT=@@CHARACTER_SET_CLIENT */;
/*!40101 SET @OLD_CHARACTER_SET_RESULTS=@@CHARACTER_SET_RESULTS */;
/*!40101 SET @OLD_COLLATION_CONNECTION=@@COLLATION_CONNECTION */;
/*!50503 SET NAMES utf8mb4 */;
/*!40103 SET @OLD_TIME_ZONE=@@TIME_ZONE */;
/*!40103 SET TIME_ZONE='+00:00' */;
/*!40014 SET @OLD_UNIQUE_CHECKS=@@UNIQUE_CHECKS, UNIQUE_CHECKS=0 */;
/*!40014 SET @OLD_FOREIGN_KEY_CHECKS=@@FOREIGN_KEY_CHECKS, FOREIGN_KEY_CHECKS=0 */;
/*!40101 SET @OLD_SQL_MODE=@@SQL_MODE, SQL_MODE='NO_AUTO_VALUE_ON_ZERO' */;
/*!40111 SET @OLD_SQL_NOTES=@@SQL_NOTES, SQL_NOTES=0 */;

--
-- Table structure for table `address_types`
--

DROP TABLE IF EXISTS `address_types`;
/*!40101 SET @saved_cs_client     = @@character_set_client */;
/*!50503 SET character_set_client = utf8mb4 */;
CREATE TABLE `address_types` (
  `id` bigint unsigned NOT NULL AUTO_INCREMENT,
  `type_name` varchar(255) COLLATE utf8mb4_unicode_ci NOT NULL,
  `created_at` timestamp NULL DEFAULT NULL,
  `updated_at` timestamp NULL DEFAULT NULL,
  PRIMARY KEY (`id`),
  UNIQUE KEY `address_types_type_name_unique` (`type_name`)
) ENGINE=InnoDB AUTO_INCREMENT=4 DEFAULT CHARSET=utf8mb4 COLLATE=utf8mb4_unicode_ci;
/*!40101 SET character_set_client = @saved_cs_client */;

--
-- Dumping data for table `address_types`
--

LOCK TABLES `address_types` WRITE;
/*!40000 ALTER TABLE `address_types` DISABLE KEYS */;
INSERT INTO `address_types` VALUES (1,'primary',NULL,NULL),(2,'secondary',NULL,NULL);
/*!40000 ALTER TABLE `address_types` ENABLE KEYS */;
UNLOCK TABLES;

--
-- Table structure for table `addresses`
--

DROP TABLE IF EXISTS `addresses`;
/*!40101 SET @saved_cs_client     = @@character_set_client */;
/*!50503 SET character_set_client = utf8mb4 */;
CREATE TABLE `addresses` (
  `id` bigint unsigned NOT NULL AUTO_INCREMENT,
  `city` varchar(255) COLLATE utf8mb4_unicode_ci NOT NULL,
  `postal_code` varchar(255) COLLATE utf8mb4_unicode_ci NOT NULL,
  `street` varchar(255) COLLATE utf8mb4_unicode_ci NOT NULL,
  `house_number` varchar(255) COLLATE utf8mb4_unicode_ci NOT NULL,
  `country` varchar(255) COLLATE utf8mb4_unicode_ci NOT NULL,
  `created_at` timestamp NULL DEFAULT NULL,
  `updated_at` timestamp NULL DEFAULT NULL,
  `user_id` bigint unsigned NOT NULL,
  `address_type_id` bigint unsigned NOT NULL,
  PRIMARY KEY (`id`),
  KEY `addresses_user_id_foreign` (`user_id`),
  KEY `addresses_address_type_id_foreign` (`address_type_id`),
  CONSTRAINT `addresses_address_type_id_foreign` FOREIGN KEY (`address_type_id`) REFERENCES `address_types` (`id`),
  CONSTRAINT `addresses_user_id_foreign` FOREIGN KEY (`user_id`) REFERENCES `users` (`id`)
) ENGINE=InnoDB AUTO_INCREMENT=35 DEFAULT CHARSET=utf8mb4 COLLATE=utf8mb4_unicode_ci;
/*!40101 SET character_set_client = @saved_cs_client */;

--
-- Dumping data for table `addresses`
--

LOCK TABLES `addresses` WRITE;
/*!40000 ALTER TABLE `addresses` DISABLE KEYS */;
INSERT INTO `addresses` VALUES (2,'Unhošť','33728','Bělinského','3','CZ','2024-09-09 20:45:29','2024-09-09 20:45:29',501,1),(3,'Nový Borovec','34345','Jana Husa','4343','CZ','2024-09-09 20:49:24','2024-09-09 20:49:24',502,1),(7,'Sušice','08254','U Balabenky','57','CZ','2024-09-09 21:48:10','2024-09-09 21:48:10',520,1),(8,'Luby','04174','Roklova','347','CZ','2024-09-09 21:49:29','2024-09-09 21:49:29',521,1),(10,'Praha 1','53180','Hajní','98','CZ','2024-09-09 21:51:46','2024-09-09 21:51:46',523,1),(11,'Lipník nad Bečvou','45927','Jezevčí','2','CZ','2024-09-09 21:52:02','2024-09-09 21:52:02',524,1),(13,'Desná','86938','Mylnerovka','66','CZ','2024-09-09 21:52:28','2024-09-09 21:52:28',526,1),(14,'Dubínkov','34345','Pod Dubem','54534','CZ','2024-09-10 10:00:18','2024-09-10 10:00:18',527,1),(15,'Dubínkov','34323','Pod Dubom','545','CZ','2024-09-11 16:06:28','2024-09-11 16:06:28',528,1),(16,'Albrechtice','73543','Rybářská','1018','CZ','2024-09-13 09:34:39','2024-09-13 09:34:39',530,1),(17,'Karviná','73401','Borovského','1184','CZ','2024-09-13 09:40:09','2024-09-13 09:40:09',531,1),(18,'Hulín','56283','Pod Duby','492','CZ','2024-09-13 14:47:19','2024-09-13 14:47:19',532,1),(19,'Bystřice pod Hostýnem','61067','Potoční','66','CZ','2024-09-13 14:47:35','2024-09-13 14:47:35',533,1),(20,'Praha 1','45767','Fajmanové','765','CZ','2024-09-13 14:49:41','2024-09-13 14:49:41',534,1),(21,'Chvaletice','36739','Karlínské Nám.','83','CZ','2024-09-13 14:49:57','2024-09-13 14:49:57',535,1),(22,'Olomouc','94126','Na Hlídce','3','CZ','2024-09-13 14:50:06','2024-09-13 14:50:06',536,1),(23,'Varnsdorf','31399','U Družstev','98','CZ','2024-09-13 14:50:22','2024-09-13 14:50:22',537,1),(27,'Hradec Králové','21624','Nad Husovými Sady','81','CZ','2024-09-14 11:11:37','2024-09-14 11:11:37',541,1),(28,'Rychvald','69510','Pešinova','129','CZ','2024-09-14 11:11:53','2024-09-14 11:11:53',542,1),(29,'Praha 1','54415','Jiřího Ze Vtelna','52','CZ','2024-09-14 11:13:56','2024-09-14 11:13:56',543,1),(30,'Vratimov','30292','Park Přátelství','666','CZ','2024-09-14 11:14:12','2024-09-14 11:14:12',544,1),(31,'Bystré','78697','Točitá','99','CZ','2024-09-14 11:14:22','2024-09-14 11:14:22',545,1),(33,'Dubí','67967','Rooseveltova','2','CZ','2024-09-14 12:54:16','2024-09-14 12:54:16',547,1),(34,'Velešín','41134','Karla Rachůnka','7','CZ','2024-09-14 12:54:31','2024-09-14 12:54:31',548,1);
/*!40000 ALTER TABLE `addresses` ENABLE KEYS */;
UNLOCK TABLES;

--
-- Table structure for table `bank_accounts`
--

DROP TABLE IF EXISTS `bank_accounts`;
/*!40101 SET @saved_cs_client     = @@character_set_client */;
/*!50503 SET character_set_client = utf8mb4 */;
CREATE TABLE `bank_accounts` (
  `id` bigint unsigned NOT NULL AUTO_INCREMENT,
  `prefix` varchar(255) COLLATE utf8mb4_unicode_ci DEFAULT NULL,
  `account_number` varchar(255) COLLATE utf8mb4_unicode_ci DEFAULT NULL,
  `created_at` timestamp NULL DEFAULT NULL,
  `updated_at` timestamp NULL DEFAULT NULL,
  `bank_number` varchar(255) COLLATE utf8mb4_unicode_ci DEFAULT NULL,
  `allow_sending_salary` tinyint(1) NOT NULL DEFAULT '0',
  `user_id` bigint unsigned NOT NULL,
  PRIMARY KEY (`id`),
  KEY `bank_accounts_user_id_foreign` (`user_id`),
  CONSTRAINT `bank_accounts_user_id_foreign` FOREIGN KEY (`user_id`) REFERENCES `users` (`id`)
) ENGINE=InnoDB AUTO_INCREMENT=22 DEFAULT CHARSET=utf8mb4 COLLATE=utf8mb4_unicode_ci;
/*!40101 SET character_set_client = @saved_cs_client */;

--
-- Dumping data for table `bank_accounts`
--

LOCK TABLES `bank_accounts` WRITE;
/*!40000 ALTER TABLE `bank_accounts` DISABLE KEYS */;
INSERT INTO `bank_accounts` VALUES (2,'19','2000145399','2024-09-09 21:49:29','2024-09-09 21:49:29','0800',1,521),(3,'19','2000145399','2024-09-09 21:51:46','2024-09-09 21:51:46','0800',1,523),(4,'19','2000145399','2024-09-09 21:52:02','2024-09-09 21:52:02','0800',1,524),(6,'19','2000145399','2024-09-09 21:52:28','2024-09-09 21:52:28','0800',1,526),(7,'123','6975090277','2024-09-13 09:40:09','2024-09-13 09:40:09','0100',1,531),(8,'19','2000145399','2024-09-13 14:47:19','2024-09-13 14:47:19','0800',1,532),(9,'19','2000145399','2024-09-13 14:49:41','2024-09-13 14:49:41','0800',1,534),(10,'19','2000145399','2024-09-13 14:49:57','2024-09-13 14:49:57','0800',1,535),(11,'19','2000145399','2024-09-13 14:50:06','2024-09-13 14:50:06','0800',1,536),(12,'19','2000145399','2024-09-13 14:50:22','2024-09-13 14:50:22','0800',1,537),(16,'19','2000145399','2024-09-14 11:11:37','2024-09-14 11:11:37','0800',1,541),(17,'19','2000145399','2024-09-14 11:13:56','2024-09-14 11:13:56','0800',1,543),(18,'19','2000145399','2024-09-14 11:14:12','2024-09-14 11:14:12','0800',1,544),(19,'19','2000145399','2024-09-14 11:14:22','2024-09-14 11:14:22','0800',1,545),(21,'19','2000145399','2024-09-14 12:54:16','2024-09-14 12:54:16','0800',1,547);
/*!40000 ALTER TABLE `bank_accounts` ENABLE KEYS */;
UNLOCK TABLES;

--
-- Table structure for table `cache`
--

DROP TABLE IF EXISTS `cache`;
/*!40101 SET @saved_cs_client     = @@character_set_client */;
/*!50503 SET character_set_client = utf8mb4 */;
CREATE TABLE `cache` (
  `key` varchar(255) COLLATE utf8mb4_unicode_ci NOT NULL,
  `value` mediumtext COLLATE utf8mb4_unicode_ci NOT NULL,
  `expiration` int NOT NULL,
  PRIMARY KEY (`key`)
) ENGINE=InnoDB DEFAULT CHARSET=utf8mb4 COLLATE=utf8mb4_unicode_ci;
/*!40101 SET character_set_client = @saved_cs_client */;

--
-- Dumping data for table `cache`
--

LOCK TABLES `cache` WRITE;
/*!40000 ALTER TABLE `cache` DISABLE KEYS */;
INSERT INTO `cache` VALUES ('laravel_cache_admin@way4.cz|127.0.0.1','i:3;',1726230305),('laravel_cache_admin@way4.cz|127.0.0.1:timer','i:1726230305;',1726230305),('laravel_cache_patmull@seznam.cz|127.0.0.1','i:5;',1726230209),('laravel_cache_patmull@seznam.cz|127.0.0.1:timer','i:1726230209;',1726230209),('laravel_cache_spatie.permission.cache','a:3:{s:5:\"alias\";a:4:{s:1:\"a\";s:2:\"id\";s:1:\"b\";s:4:\"name\";s:1:\"c\";s:10:\"guard_name\";s:1:\"r\";s:5:\"roles\";}s:11:\"permissions\";a:2:{i:0;a:4:{s:1:\"a\";i:1;s:1:\"b\";s:18:\"see_admin_sections\";s:1:\"c\";s:3:\"web\";s:1:\"r\";a:1:{i:0;i:1;}}i:1;a:4:{s:1:\"a\";i:2;s:1:\"b\";s:23:\"see_superadmin_sections\";s:1:\"c\";s:3:\"web\";s:1:\"r\";a:1:{i:0;i:2;}}}s:5:\"roles\";a:2:{i:0;a:3:{s:1:\"a\";i:1;s:1:\"b\";s:5:\"admin\";s:1:\"c\";s:3:\"web\";}i:1;a:3:{s:1:\"a\";i:2;s:1:\"b\";s:10:\"superadmin\";s:1:\"c\";s:3:\"web\";}}}',1726316806),('laravel_cache_test-user4@test.cz|127.0.0.1','i:1;',1726230181),('laravel_cache_test-user4@test.cz|127.0.0.1:timer','i:1726230181;',1726230181),('laravel_cache_test-user5@test.cz|127.0.0.1','i:1;',1726230160),('laravel_cache_test-user5@test.cz|127.0.0.1:timer','i:1726230160;',1726230160),('patmull@centrum.cz|195.113.111.29','i:1;',1726237788),('patmull@centrum.cz|195.113.111.29:timer','i:1726237788;',1726237788),('test-user2@test.cz|213.194.195.65','i:1;',1725962332),('test-user2@test.cz|213.194.195.65:timer','i:1725962332;',1725962332),('test-user3@test.cz|213.194.195.65','i:2;',1725962373),('test-user3@test.cz|213.194.195.65:timer','i:1725962373;',1725962373),('test-user5@test.com|213.194.195.65','i:1;',1726072869),('test-user5@test.com|213.194.195.65:timer','i:1726072869;',1726072869);
/*!40000 ALTER TABLE `cache` ENABLE KEYS */;
UNLOCK TABLES;

--
-- Table structure for table `cache_locks`
--

DROP TABLE IF EXISTS `cache_locks`;
/*!40101 SET @saved_cs_client     = @@character_set_client */;
/*!50503 SET character_set_client = utf8mb4 */;
CREATE TABLE `cache_locks` (
  `key` varchar(255) COLLATE utf8mb4_unicode_ci NOT NULL,
  `owner` varchar(255) COLLATE utf8mb4_unicode_ci NOT NULL,
  `expiration` int NOT NULL,
  PRIMARY KEY (`key`)
) ENGINE=InnoDB DEFAULT CHARSET=utf8mb4 COLLATE=utf8mb4_unicode_ci;
/*!40101 SET character_set_client = @saved_cs_client */;

--
-- Dumping data for table `cache_locks`
--

LOCK TABLES `cache_locks` WRITE;
/*!40000 ALTER TABLE `cache_locks` DISABLE KEYS */;
/*!40000 ALTER TABLE `cache_locks` ENABLE KEYS */;
UNLOCK TABLES;

--
-- Table structure for table `companies`
--

DROP TABLE IF EXISTS `companies`;
/*!40101 SET @saved_cs_client     = @@character_set_client */;
/*!50503 SET character_set_client = utf8mb4 */;
CREATE TABLE `companies` (
  `id` bigint unsigned NOT NULL AUTO_INCREMENT,
  `email` varchar(255) COLLATE utf8mb4_unicode_ci NOT NULL,
  `name` varchar(255) COLLATE utf8mb4_unicode_ci NOT NULL,
  `domain` varchar(255) COLLATE utf8mb4_unicode_ci NOT NULL,
  `created_at` timestamp NULL DEFAULT NULL,
  `updated_at` timestamp NULL DEFAULT NULL,
  PRIMARY KEY (`id`),
  UNIQUE KEY `companies_email_unique` (`email`)
) ENGINE=InnoDB AUTO_INCREMENT=5 DEFAULT CHARSET=utf8mb4 COLLATE=utf8mb4_unicode_ci;
/*!40101 SET character_set_client = @saved_cs_client */;

--
-- Dumping data for table `companies`
--

LOCK TABLES `companies` WRITE;
/*!40000 ALTER TABLE `companies` DISABLE KEYS */;
INSERT INTO `companies` VALUES (1,'office@way4solution.cz','Way4Solution','way4','2024-09-09 12:50:32','2024-09-09 12:50:32'),(2,'office@test.cz','Test (Way4Solution)','test','2024-09-09 12:50:32','2024-09-09 12:50:32'),(3,'patmull@centrum.cz','Localhost 1','localhost',NULL,NULL);
/*!40000 ALTER TABLE `companies` ENABLE KEYS */;
UNLOCK TABLES;

--
-- Table structure for table `company_user`
--

DROP TABLE IF EXISTS `company_user`;
/*!40101 SET @saved_cs_client     = @@character_set_client */;
/*!50503 SET character_set_client = utf8mb4 */;
CREATE TABLE `company_user` (
  `user_id` bigint unsigned NOT NULL,
  `company_id` bigint unsigned NOT NULL,
  `id` bigint unsigned NOT NULL AUTO_INCREMENT,
  PRIMARY KEY (`id`),
  KEY `user_company_user_id_foreign` (`user_id`),
  CONSTRAINT `user_company_user_id_foreign` FOREIGN KEY (`user_id`) REFERENCES `users` (`id`)
) ENGINE=InnoDB AUTO_INCREMENT=54 DEFAULT CHARSET=utf8mb4 COLLATE=utf8mb4_unicode_ci;
/*!40101 SET character_set_client = @saved_cs_client */;

--
-- Dumping data for table `company_user`
--

LOCK TABLES `company_user` WRITE;
/*!40000 ALTER TABLE `company_user` DISABLE KEYS */;
INSERT INTO `company_user` VALUES (475,1,3),(38,1,4),(143,1,5),(496,1,6),(520,1,7),(521,1,8),(523,2,9),(524,1,10),(526,1,11),(17,3,12),(527,1,13),(528,2,14),(17,1,22),(530,1,27),(531,1,28),(476,1,35),(532,2,41),(533,2,42),(534,2,43),(535,2,44),(536,2,45),(537,2,46),(541,2,47),(542,2,48),(543,2,49),(544,2,50),(545,2,51),(547,2,52),(548,2,53);
/*!40000 ALTER TABLE `company_user` ENABLE KEYS */;
UNLOCK TABLES;

--
-- Table structure for table `document_types`
--

DROP TABLE IF EXISTS `document_types`;
/*!40101 SET @saved_cs_client     = @@character_set_client */;
/*!50503 SET character_set_client = utf8mb4 */;
CREATE TABLE `document_types` (
  `id` bigint unsigned NOT NULL AUTO_INCREMENT,
  `type_name` varchar(255) COLLATE utf8mb4_unicode_ci NOT NULL,
  `type_description` varchar(255) COLLATE utf8mb4_unicode_ci DEFAULT NULL,
  `update_type_name` varchar(255) COLLATE utf8mb4_unicode_ci NOT NULL,
  PRIMARY KEY (`id`),
  UNIQUE KEY `document_types_type_name_unique` (`type_name`)
) ENGINE=InnoDB AUTO_INCREMENT=7 DEFAULT CHARSET=utf8mb4 COLLATE=utf8mb4_unicode_ci;
/*!40101 SET character_set_client = @saved_cs_client */;

--
-- Dumping data for table `document_types`
--

LOCK TABLES `document_types` WRITE;
/*!40000 ALTER TABLE `document_types` DISABLE KEYS */;
INSERT INTO `document_types` VALUES (1,'DPP',NULL,''),(2,'DPČ',NULL,''),(3,'PP',NULL,''),(4,'Žádost o platbu účtem',NULL,''),(5,'Výplatnice',NULL,''),(6,'IČ',NULL,'');
/*!40000 ALTER TABLE `document_types` ENABLE KEYS */;
UNLOCK TABLES;

--
-- Table structure for table `documents`
--

DROP TABLE IF EXISTS `documents`;
/*!40101 SET @saved_cs_client     = @@character_set_client */;
/*!50503 SET character_set_client = utf8mb4 */;
CREATE TABLE `documents` (
  `id` bigint unsigned NOT NULL AUTO_INCREMENT,
  `file_path_employer` varchar(255) COLLATE utf8mb4_unicode_ci NOT NULL,
  `file_path_employee` varchar(255) COLLATE utf8mb4_unicode_ci DEFAULT NULL,
  `user_id` bigint unsigned DEFAULT NULL,
  `created_at` timestamp NULL DEFAULT NULL,
  `updated_at` timestamp NULL DEFAULT NULL,
  `file_name_employer_original` varchar(255) COLLATE utf8mb4_unicode_ci DEFAULT NULL,
  `file_name_employee_original` varchar(255) COLLATE utf8mb4_unicode_ci DEFAULT NULL,
  `document_type_id` bigint unsigned DEFAULT NULL,
  PRIMARY KEY (`id`),
  KEY `documents_user_id_foreign` (`user_id`),
  KEY `documents_document_type_id_foreign` (`document_type_id`),
  CONSTRAINT `documents_document_type_id_foreign` FOREIGN KEY (`document_type_id`) REFERENCES `document_types` (`id`),
  CONSTRAINT `documents_user_id_foreign` FOREIGN KEY (`user_id`) REFERENCES `users` (`id`) ON DELETE SET NULL
) ENGINE=InnoDB AUTO_INCREMENT=6 DEFAULT CHARSET=utf8mb4 COLLATE=utf8mb4_unicode_ci;
/*!40101 SET character_set_client = @saved_cs_client */;

--
-- Dumping data for table `documents`
--

LOCK TABLES `documents` WRITE;
/*!40000 ALTER TABLE `documents` DISABLE KEYS */;
INSERT INTO `documents` VALUES (1,'527/documents/25872436.pdf_66e01f7683c18.pdf',NULL,527,'2024-09-10 10:29:10','2024-09-10 10:29:10','25872436.pdf',NULL,1),(2,'527/documents/manual.pdf_66e01f8e9537e.pdf',NULL,527,'2024-09-10 10:29:34','2024-09-10 10:29:34','manual.pdf',NULL,2),(3,'526/documents/manual.pdf_66e1be517e26c.pdf',NULL,526,'2024-09-11 15:59:13','2024-09-11 15:59:13','manual.pdf',NULL,1),(4,'way4/526/documents/25872436.pdf_66e1bf8ba3685.pdf',NULL,526,'2024-09-11 16:04:27','2024-09-11 16:04:27','25872436.pdf',NULL,2),(5,'way4/528/documents/manual.pdf_66e1c7a8b639b.pdf',NULL,528,'2024-09-11 16:39:04','2024-09-11 16:39:04','manual.pdf',NULL,1);
/*!40000 ALTER TABLE `documents` ENABLE KEYS */;
UNLOCK TABLES;

--
-- Table structure for table `failed_jobs`
--

DROP TABLE IF EXISTS `failed_jobs`;
/*!40101 SET @saved_cs_client     = @@character_set_client */;
/*!50503 SET character_set_client = utf8mb4 */;
CREATE TABLE `failed_jobs` (
  `id` bigint unsigned NOT NULL AUTO_INCREMENT,
  `uuid` varchar(255) COLLATE utf8mb4_unicode_ci NOT NULL,
  `connection` text COLLATE utf8mb4_unicode_ci NOT NULL,
  `queue` text COLLATE utf8mb4_unicode_ci NOT NULL,
  `payload` longtext COLLATE utf8mb4_unicode_ci NOT NULL,
  `exception` longtext COLLATE utf8mb4_unicode_ci NOT NULL,
  `failed_at` timestamp NOT NULL DEFAULT CURRENT_TIMESTAMP,
  PRIMARY KEY (`id`),
  UNIQUE KEY `failed_jobs_uuid_unique` (`uuid`)
) ENGINE=InnoDB DEFAULT CHARSET=utf8mb4 COLLATE=utf8mb4_unicode_ci;
/*!40101 SET character_set_client = @saved_cs_client */;

--
-- Dumping data for table `failed_jobs`
--

LOCK TABLES `failed_jobs` WRITE;
/*!40000 ALTER TABLE `failed_jobs` DISABLE KEYS */;
/*!40000 ALTER TABLE `failed_jobs` ENABLE KEYS */;
UNLOCK TABLES;

--
-- Table structure for table `job_batches`
--

DROP TABLE IF EXISTS `job_batches`;
/*!40101 SET @saved_cs_client     = @@character_set_client */;
/*!50503 SET character_set_client = utf8mb4 */;
CREATE TABLE `job_batches` (
  `id` varchar(255) COLLATE utf8mb4_unicode_ci NOT NULL,
  `name` varchar(255) COLLATE utf8mb4_unicode_ci NOT NULL,
  `total_jobs` int NOT NULL,
  `pending_jobs` int NOT NULL,
  `failed_jobs` int NOT NULL,
  `failed_job_ids` longtext COLLATE utf8mb4_unicode_ci NOT NULL,
  `options` mediumtext COLLATE utf8mb4_unicode_ci,
  `cancelled_at` int DEFAULT NULL,
  `created_at` int NOT NULL,
  `finished_at` int DEFAULT NULL,
  PRIMARY KEY (`id`)
) ENGINE=InnoDB DEFAULT CHARSET=utf8mb4 COLLATE=utf8mb4_unicode_ci;
/*!40101 SET character_set_client = @saved_cs_client */;

--
-- Dumping data for table `job_batches`
--

LOCK TABLES `job_batches` WRITE;
/*!40000 ALTER TABLE `job_batches` DISABLE KEYS */;
/*!40000 ALTER TABLE `job_batches` ENABLE KEYS */;
UNLOCK TABLES;

--
-- Table structure for table `jobs`
--

DROP TABLE IF EXISTS `jobs`;
/*!40101 SET @saved_cs_client     = @@character_set_client */;
/*!50503 SET character_set_client = utf8mb4 */;
CREATE TABLE `jobs` (
  `id` bigint unsigned NOT NULL AUTO_INCREMENT,
  `queue` varchar(255) COLLATE utf8mb4_unicode_ci NOT NULL,
  `payload` longtext COLLATE utf8mb4_unicode_ci NOT NULL,
  `attempts` tinyint unsigned NOT NULL,
  `reserved_at` int unsigned DEFAULT NULL,
  `available_at` int unsigned NOT NULL,
  `created_at` int unsigned NOT NULL,
  PRIMARY KEY (`id`),
  KEY `jobs_queue_index` (`queue`)
) ENGINE=InnoDB DEFAULT CHARSET=utf8mb4 COLLATE=utf8mb4_unicode_ci;
/*!40101 SET character_set_client = @saved_cs_client */;

--
-- Dumping data for table `jobs`
--

LOCK TABLES `jobs` WRITE;
/*!40000 ALTER TABLE `jobs` DISABLE KEYS */;
/*!40000 ALTER TABLE `jobs` ENABLE KEYS */;
UNLOCK TABLES;

--
-- Table structure for table `migrations`
--

DROP TABLE IF EXISTS `migrations`;
/*!40101 SET @saved_cs_client     = @@character_set_client */;
/*!50503 SET character_set_client = utf8mb4 */;
CREATE TABLE `migrations` (
  `id` int unsigned NOT NULL AUTO_INCREMENT,
  `migration` varchar(255) COLLATE utf8mb4_unicode_ci NOT NULL,
  `batch` int NOT NULL,
  PRIMARY KEY (`id`)
) ENGINE=InnoDB AUTO_INCREMENT=97 DEFAULT CHARSET=utf8mb4 COLLATE=utf8mb4_unicode_ci;
/*!40101 SET character_set_client = @saved_cs_client */;

--
-- Dumping data for table `migrations`
--

LOCK TABLES `migrations` WRITE;
/*!40000 ALTER TABLE `migrations` DISABLE KEYS */;
INSERT INTO `migrations` VALUES (22,'2024_06_20_093826_alter_table_users_change_column_birth_date',9),(23,'2024_07_10_160953_alter_table_bank_accounts_change_columns_to_nullable',10),(30,'2024_08_02_084216_alter_table_users_make_column_health_insurance_nullable',17),(31,'2024_08_05_075912_alter_table_documents_add_column_filename',18),(40,'0001_01_01_000000_create_users_table',19),(57,'0001_01_01_000001_create_cache_table',20),(58,'0001_01_01_000002_create_jobs_table',20),(59,'2024_02_09_111540_create_address_table',20),(60,'2024_04_12_135157_create_personal_access_tokens_table',20),(61,'2024_05_14_095810_alter_table_address_change_type',20),(62,'2024_05_14_100010_alter_table_address_change_column_type',20),(63,'2024_05_14_101319_alter_table_address_drop_column_address_type',20),(64,'2024_05_14_101652_alter_table_address_add_column_user_id',20),(65,'2024_05_14_102641_create_address_type_table',20),(66,'2024_05_14_103508_alter_table_address_add_column_address_type_id',20),(67,'2024_05_14_125711_alter_table_users_add_column_is_admin',20),(68,'2024_05_15_094023_alter_table_users_add_personal_number_columns',20),(69,'2024_05_15_095102_alter_table_users_add_phone_column',20),(70,'2024_05_18_102112_modify_type_name_in_address_types_table',20),(71,'2024_05_22_180047_create_permission_tables',20),(72,'2024_06_15_194642_create_bank_account_table',20),(73,'2024_06_15_200205_alter_table_bank_account_add_user_id',21),(74,'2024_06_15_200836_alter_table_bank_accunt_change_column_bank_account',21),(75,'2024_06_15_202538_alter_table_bank_account_add_allow_sending_salary',21),(76,'2024_06_20_093225_alter_table_users_add_column_birth_date',22),(77,'2024_07_10_162335_alter_table_bank_accounts_change_columns_to_nullable',22),(78,'2024_07_19_084825_alter_table_users_add_column_birth_date_and_birt_place_not_nullable',23),(79,'2024_07_19_092412_alter_table_users_make_column_birth_date_not_nullable',23),(80,'2024_07_19_103040_alter_table_users_add_column_health_insurance_company',24),(81,'2024_07_19_103734_alter_table_users_make_column_health_insurance_not_nullable',24),(82,'2024_07_26_150620_create_documents_table',24),(83,'2024_08_05_080538_alter_table_documents_create_column_filename',24),(84,'2024_08_16_112507_create_document_types_table',24),(85,'2024_08_16_113039_alter_table_documents_add_column_document_type_id',25),(86,'2024_08_16_124018_alter_table_documents_add_column_types_description',25),(87,'2024_08_16_140301_alter_table_document_types_add_update_column_type_name_distinct',26),(88,'2024_09_09_075630_create_company_table',26),(89,'2024_09_09_084422_create_user_company_table',27),(90,'2024_09_09_084422_create_company_user_table',28),(91,'2024_09_09_145100_create_user_company_table',28),(93,'2024_09_09_205202_alter_table_bank_account_add_user_id_column',29),(94,'2024_09_09_213707_alter_table_bank_account_change_allow_sending_salary_column',30),(95,'2024_09_10_102736_alter_table_documents_modify_column_file_path_employee_nullable',31),(96,'2024_09_14_135805_alter_table_company_user_add_primary_key',32);
/*!40000 ALTER TABLE `migrations` ENABLE KEYS */;
UNLOCK TABLES;

--
-- Table structure for table `model_has_permissions`
--

DROP TABLE IF EXISTS `model_has_permissions`;
/*!40101 SET @saved_cs_client     = @@character_set_client */;
/*!50503 SET character_set_client = utf8mb4 */;
CREATE TABLE `model_has_permissions` (
  `permission_id` bigint unsigned NOT NULL,
  `model_type` varchar(255) COLLATE utf8mb4_unicode_ci NOT NULL,
  `model_id` bigint unsigned NOT NULL,
  PRIMARY KEY (`permission_id`,`model_id`,`model_type`),
  KEY `model_has_permissions_model_id_model_type_index` (`model_id`,`model_type`),
  CONSTRAINT `model_has_permissions_permission_id_foreign` FOREIGN KEY (`permission_id`) REFERENCES `permissions` (`id`) ON DELETE CASCADE
) ENGINE=InnoDB DEFAULT CHARSET=utf8mb4 COLLATE=utf8mb4_unicode_ci;
/*!40101 SET character_set_client = @saved_cs_client */;

--
-- Dumping data for table `model_has_permissions`
--

LOCK TABLES `model_has_permissions` WRITE;
/*!40000 ALTER TABLE `model_has_permissions` DISABLE KEYS */;
INSERT INTO `model_has_permissions` VALUES (1,'App\\Models\\User',17),(1,'App\\Models\\User',38),(1,'App\\Models\\User',475),(2,'App\\Models\\User',475),(1,'App\\Models\\User',496),(2,'App\\Models\\User',496),(1,'App\\Models\\User',528),(1,'App\\Models\\User',529);
/*!40000 ALTER TABLE `model_has_permissions` ENABLE KEYS */;
UNLOCK TABLES;

--
-- Table structure for table `model_has_roles`
--

DROP TABLE IF EXISTS `model_has_roles`;
/*!40101 SET @saved_cs_client     = @@character_set_client */;
/*!50503 SET character_set_client = utf8mb4 */;
CREATE TABLE `model_has_roles` (
  `role_id` bigint unsigned NOT NULL,
  `model_type` varchar(255) COLLATE utf8mb4_unicode_ci NOT NULL,
  `model_id` bigint unsigned NOT NULL,
  PRIMARY KEY (`role_id`,`model_id`,`model_type`),
  KEY `model_has_roles_model_id_model_type_index` (`model_id`,`model_type`),
  CONSTRAINT `model_has_roles_role_id_foreign` FOREIGN KEY (`role_id`) REFERENCES `roles` (`id`) ON DELETE CASCADE
) ENGINE=InnoDB DEFAULT CHARSET=utf8mb4 COLLATE=utf8mb4_unicode_ci;
/*!40101 SET character_set_client = @saved_cs_client */;

--
-- Dumping data for table `model_has_roles`
--

LOCK TABLES `model_has_roles` WRITE;
/*!40000 ALTER TABLE `model_has_roles` DISABLE KEYS */;
INSERT INTO `model_has_roles` VALUES (1,'App\\Models\\User',17),(1,'App\\Models\\User',38),(1,'App\\Models\\User',475),(2,'App\\Models\\User',475),(1,'App\\Models\\User',496),(2,'App\\Models\\User',496),(1,'App\\Models\\User',528),(1,'App\\Models\\User',529);
/*!40000 ALTER TABLE `model_has_roles` ENABLE KEYS */;
UNLOCK TABLES;

--
-- Table structure for table `password_reset_tokens`
--

DROP TABLE IF EXISTS `password_reset_tokens`;
/*!40101 SET @saved_cs_client     = @@character_set_client */;
/*!50503 SET character_set_client = utf8mb4 */;
CREATE TABLE `password_reset_tokens` (
  `email` varchar(255) COLLATE utf8mb4_unicode_ci NOT NULL,
  `token` varchar(255) COLLATE utf8mb4_unicode_ci NOT NULL,
  `created_at` timestamp NULL DEFAULT NULL,
  PRIMARY KEY (`email`)
) ENGINE=InnoDB DEFAULT CHARSET=utf8mb4 COLLATE=utf8mb4_unicode_ci;
/*!40101 SET character_set_client = @saved_cs_client */;

--
-- Dumping data for table `password_reset_tokens`
--

LOCK TABLES `password_reset_tokens` WRITE;
/*!40000 ALTER TABLE `password_reset_tokens` DISABLE KEYS */;
/*!40000 ALTER TABLE `password_reset_tokens` ENABLE KEYS */;
UNLOCK TABLES;

--
-- Table structure for table `permissions`
--

DROP TABLE IF EXISTS `permissions`;
/*!40101 SET @saved_cs_client     = @@character_set_client */;
/*!50503 SET character_set_client = utf8mb4 */;
CREATE TABLE `permissions` (
  `id` bigint unsigned NOT NULL AUTO_INCREMENT,
  `name` varchar(255) COLLATE utf8mb4_unicode_ci NOT NULL,
  `guard_name` varchar(255) COLLATE utf8mb4_unicode_ci NOT NULL,
  `created_at` timestamp NULL DEFAULT NULL,
  `updated_at` timestamp NULL DEFAULT NULL,
  PRIMARY KEY (`id`),
  UNIQUE KEY `permissions_name_guard_name_unique` (`name`,`guard_name`)
) ENGINE=InnoDB AUTO_INCREMENT=3 DEFAULT CHARSET=utf8mb4 COLLATE=utf8mb4_unicode_ci;
/*!40101 SET character_set_client = @saved_cs_client */;

--
-- Dumping data for table `permissions`
--

LOCK TABLES `permissions` WRITE;
/*!40000 ALTER TABLE `permissions` DISABLE KEYS */;
INSERT INTO `permissions` VALUES (1,'see_admin_sections','web',NULL,NULL),(2,'see_superadmin_sections','web','2024-09-09 12:47:50','2024-09-09 12:47:50');
/*!40000 ALTER TABLE `permissions` ENABLE KEYS */;
UNLOCK TABLES;

--
-- Table structure for table `personal_access_tokens`
--

DROP TABLE IF EXISTS `personal_access_tokens`;
/*!40101 SET @saved_cs_client     = @@character_set_client */;
/*!50503 SET character_set_client = utf8mb4 */;
CREATE TABLE `personal_access_tokens` (
  `id` bigint unsigned NOT NULL AUTO_INCREMENT,
  `tokenable_type` varchar(255) COLLATE utf8mb4_unicode_ci NOT NULL,
  `tokenable_id` bigint unsigned NOT NULL,
  `name` varchar(255) COLLATE utf8mb4_unicode_ci NOT NULL,
  `token` varchar(64) COLLATE utf8mb4_unicode_ci NOT NULL,
  `abilities` text COLLATE utf8mb4_unicode_ci,
  `last_used_at` timestamp NULL DEFAULT NULL,
  `expires_at` timestamp NULL DEFAULT NULL,
  `created_at` timestamp NULL DEFAULT NULL,
  `updated_at` timestamp NULL DEFAULT NULL,
  PRIMARY KEY (`id`),
  UNIQUE KEY `personal_access_tokens_token_unique` (`token`),
  KEY `personal_access_tokens_tokenable_type_tokenable_id_index` (`tokenable_type`,`tokenable_id`)
) ENGINE=InnoDB DEFAULT CHARSET=utf8mb4 COLLATE=utf8mb4_unicode_ci;
/*!40101 SET character_set_client = @saved_cs_client */;

--
-- Dumping data for table `personal_access_tokens`
--

LOCK TABLES `personal_access_tokens` WRITE;
/*!40000 ALTER TABLE `personal_access_tokens` DISABLE KEYS */;
/*!40000 ALTER TABLE `personal_access_tokens` ENABLE KEYS */;
UNLOCK TABLES;

--
-- Table structure for table `role_has_permissions`
--

DROP TABLE IF EXISTS `role_has_permissions`;
/*!40101 SET @saved_cs_client     = @@character_set_client */;
/*!50503 SET character_set_client = utf8mb4 */;
CREATE TABLE `role_has_permissions` (
  `permission_id` bigint unsigned NOT NULL,
  `role_id` bigint unsigned NOT NULL,
  PRIMARY KEY (`permission_id`,`role_id`),
  KEY `role_has_permissions_role_id_foreign` (`role_id`),
  CONSTRAINT `role_has_permissions_permission_id_foreign` FOREIGN KEY (`permission_id`) REFERENCES `permissions` (`id`) ON DELETE CASCADE,
  CONSTRAINT `role_has_permissions_role_id_foreign` FOREIGN KEY (`role_id`) REFERENCES `roles` (`id`) ON DELETE CASCADE
) ENGINE=InnoDB DEFAULT CHARSET=utf8mb4 COLLATE=utf8mb4_unicode_ci;
/*!40101 SET character_set_client = @saved_cs_client */;

--
-- Dumping data for table `role_has_permissions`
--

LOCK TABLES `role_has_permissions` WRITE;
/*!40000 ALTER TABLE `role_has_permissions` DISABLE KEYS */;
INSERT INTO `role_has_permissions` VALUES (1,1),(2,2);
/*!40000 ALTER TABLE `role_has_permissions` ENABLE KEYS */;
UNLOCK TABLES;

--
-- Table structure for table `roles`
--

DROP TABLE IF EXISTS `roles`;
/*!40101 SET @saved_cs_client     = @@character_set_client */;
/*!50503 SET character_set_client = utf8mb4 */;
CREATE TABLE `roles` (
  `id` bigint unsigned NOT NULL AUTO_INCREMENT,
  `name` varchar(255) COLLATE utf8mb4_unicode_ci NOT NULL,
  `guard_name` varchar(255) COLLATE utf8mb4_unicode_ci NOT NULL,
  `created_at` timestamp NULL DEFAULT NULL,
  `updated_at` timestamp NULL DEFAULT NULL,
  PRIMARY KEY (`id`),
  UNIQUE KEY `roles_name_guard_name_unique` (`name`,`guard_name`)
) ENGINE=InnoDB AUTO_INCREMENT=3 DEFAULT CHARSET=utf8mb4 COLLATE=utf8mb4_unicode_ci;
/*!40101 SET character_set_client = @saved_cs_client */;

--
-- Dumping data for table `roles`
--

LOCK TABLES `roles` WRITE;
/*!40000 ALTER TABLE `roles` DISABLE KEYS */;
INSERT INTO `roles` VALUES (1,'admin','web','2024-09-09 11:39:18','2024-09-09 11:39:18'),(2,'superadmin','web','2024-09-09 12:47:50','2024-09-09 12:47:50');
/*!40000 ALTER TABLE `roles` ENABLE KEYS */;
UNLOCK TABLES;

--
-- Table structure for table `sessions`
--

DROP TABLE IF EXISTS `sessions`;
/*!40101 SET @saved_cs_client     = @@character_set_client */;
/*!50503 SET character_set_client = utf8mb4 */;
CREATE TABLE `sessions` (
  `id` varchar(255) COLLATE utf8mb4_unicode_ci NOT NULL,
  `user_id` bigint unsigned DEFAULT NULL,
  `ip_address` varchar(45) COLLATE utf8mb4_unicode_ci DEFAULT NULL,
  `user_agent` text COLLATE utf8mb4_unicode_ci,
  `payload` longtext COLLATE utf8mb4_unicode_ci NOT NULL,
  `last_activity` int NOT NULL,
  PRIMARY KEY (`id`),
  KEY `sessions_user_id_index` (`user_id`),
  KEY `sessions_last_activity_index` (`last_activity`)
) ENGINE=InnoDB DEFAULT CHARSET=utf8mb4 COLLATE=utf8mb4_unicode_ci;
/*!40101 SET character_set_client = @saved_cs_client */;

--
-- Dumping data for table `sessions`
--

LOCK TABLES `sessions` WRITE;
/*!40000 ALTER TABLE `sessions` DISABLE KEYS */;
/*!40000 ALTER TABLE `sessions` ENABLE KEYS */;
UNLOCK TABLES;

--
-- Table structure for table `users`
--

DROP TABLE IF EXISTS `users`;
/*!40101 SET @saved_cs_client     = @@character_set_client */;
/*!50503 SET character_set_client = utf8mb4 */;
CREATE TABLE `users` (
  `id` bigint unsigned NOT NULL AUTO_INCREMENT,
  `firstname` varchar(255) COLLATE utf8mb4_unicode_ci NOT NULL,
  `lastname` varchar(255) COLLATE utf8mb4_unicode_ci NOT NULL,
  `email` varchar(255) COLLATE utf8mb4_unicode_ci NOT NULL,
  `email_verified_at` timestamp NULL DEFAULT NULL,
  `password` varchar(255) COLLATE utf8mb4_unicode_ci NOT NULL,
  `remember_token` varchar(100) COLLATE utf8mb4_unicode_ci DEFAULT NULL,
  `current_team_id` bigint unsigned DEFAULT NULL,
  `profile_photo_path` varchar(2048) COLLATE utf8mb4_unicode_ci DEFAULT NULL,
  `created_at` timestamp NULL DEFAULT NULL,
  `updated_at` timestamp NULL DEFAULT NULL,
  `birth_date` date NOT NULL,
  `birth_place` varchar(255) COLLATE utf8mb4_unicode_ci NOT NULL,
  `health_insurance_company` varchar(255) COLLATE utf8mb4_unicode_ci NOT NULL,
  `is_admin` tinyint(1) NOT NULL DEFAULT '0',
  `personal_number_part_1` varchar(255) COLLATE utf8mb4_unicode_ci NOT NULL,
  `personal_number_part_2` varchar(255) COLLATE utf8mb4_unicode_ci NOT NULL,
  `phone_number` varchar(255) COLLATE utf8mb4_unicode_ci NOT NULL,
  `phone_prefix` varchar(255) COLLATE utf8mb4_unicode_ci NOT NULL,
  PRIMARY KEY (`id`),
  UNIQUE KEY `users_email_unique` (`email`)
) ENGINE=InnoDB AUTO_INCREMENT=549 DEFAULT CHARSET=utf8mb4 COLLATE=utf8mb4_unicode_ci;
/*!40101 SET character_set_client = @saved_cs_client */;

--
-- Dumping data for table `users`
--

LOCK TABLES `users` WRITE;
/*!40000 ALTER TABLE `users` DISABLE KEYS */;
INSERT INTO `users` VALUES (17,'Admin','Admin','patmull@centrum.cz','2024-05-22 18:59:44','$2y$12$0pCIMeuRBnVwa8Nb7sXKsuKYHXXHbX6MrMsuUzdtkkaSVKpxNcr8O','tgEEmyWycNm2wDpjs7Ih6NB8RWCtRpcnHdZfGjx5zGBmWR7DtfKfcX6XTzcj',NULL,NULL,'2024-05-22 18:59:45','2024-05-24 18:52:17','2024-06-20','Nevyplněno (záznam ze staré verze bez údaje)','Nevyplněno (záznam ze staré verze bez údaje)',0,'','','',''),(38,'Tibo','Gembic','mainmarshal@gmail.com',NULL,'$2y$12$v2JkooPly8fXXuloMblCF.h8Rl.Uu9SyIN5w83naqBz4lL5BkBB.q','SJlUjZI6NVNBgMOXZgbJNGywaekd8NuAL8jXXdPV8gr3SuV3C93wWIsjhlg5',NULL,NULL,'2024-05-27 15:31:26','2024-08-11 15:35:53','2024-06-20','Nevyplněno (záznam ze staré verze bez údaje)','Nevyplněno (záznam ze staré verze bez údaje)',0,'','','',''),(143,'Kristýna','Filipczyková','kristyna.filipczykova@seznam.cz',NULL,'$2y$12$HBZEjMc4AikpmU6ZMOaSg.sasjDRu0LXegGVNpuq8c/6fF4KGJn36',NULL,NULL,NULL,'2024-06-03 13:09:10','2024-06-03 13:09:10','2024-06-20','Nevyplněno (záznam ze staré verze bez údaje)','Nevyplněno (záznam ze staré verze bez údaje)',0,'','','',''),(475,'Tibo','Gem','office@way4solution.cz',NULL,'$2y$12$5njt0aaAOkELv/EBclujOel6xjrpEq5Bg8KYxQW3i6ldkTFGSaNda','RsPq2v5o1gDWyMoDqUqyCuI80z15UgIaK7fOCDhDYLOy2CTgLYYjRQlqDjZu',NULL,'475/profile_images/profile_475.jpg','2024-08-15 07:49:52','2024-08-22 16:35:00','1979-02-01','Karviná','RBP',0,'','','',''),(476,'Patrik','Muller','patmull@seznam.cz',NULL,'$2y$12$2tLoV4LWQJG5rXVzeJUGVe16bUK5/fEJPCnMU1iYWu2coEQ42kvEu',NULL,NULL,NULL,'2024-08-16 09:54:32','2024-08-16 09:54:32','2024-01-11','Odolena Voda','RBP',0,'','','',''),(496,'Admin','Admin','admin@way4solution.cz','2024-09-02 12:50:39','$2y$12$T4iWKfkFRyQ8MuD2afNPPeina7IazPongnnvhpyj8RHCr6RD/9Ps2','MRisYwjgbcovwo0fQRBGKCz1ooyGYROUTTXyIY4OWASjpdAoHzJxCJxbhTI7',NULL,NULL,'2024-09-02 12:50:40','2024-09-09 12:59:02','2024-09-09','Admin','Admin',1,'111111','1111','111111111','111'),(501,'Alban','Rudolfová','Lionel70@volny.cz','2024-09-09 20:45:29','$2y$12$Mbks5Wd5oKD/.PbxA6XNPusCzvxszYpf7EG4VIPh4leQ0CAxCQ8yK',NULL,NULL,NULL,'2024-09-09 20:45:29','2024-09-09 20:45:29','1981-04-05','Mirovice','Šustr a Kuchař v.o.s.',0,'960505','5636','509651130','420'),(502,'Test','User1','test-user1@test.cz','2024-09-09 20:49:24','$2y$12$nMxrk/Cddl0HoFsz6mn9UuxOfKT/GBALPsZM5X1zgWlDLcvmu71X6',NULL,NULL,NULL,'2024-09-09 20:49:24','2024-09-09 20:49:24','1992-09-09','Dubínkov','RBP',0,'960505','5636','545345354','420'),(520,'Paskal','Palečková','Pantaleon76@atlas.cz','2024-09-09 21:48:10','$2y$12$Naa1z.Tj9JQkf3phnNubBeql/flkfSR6AKSLtaWQ4sYGwCJhRpxuy',NULL,NULL,NULL,'2024-09-09 21:48:10','2024-09-09 21:48:10','1967-08-02','Luby','Eliášová v.o.s.',0,'960505','5636','630567263','420'),(521,'Milada','Šafářová','Natasa48@centrum.cz','2024-09-09 21:49:29','$2y$12$CI0RdrlQ4RfbtfCftQy3aOIBV9yrfhBp7M0byG8UNiu7Te8KPgUnW',NULL,NULL,NULL,'2024-09-09 21:49:29','2024-09-09 21:49:29','2014-01-12','Horní Bříza','Václavek a Krejčí v.o.s.',0,'960505','5636','726112172','420'),(523,'Kim','Káňa','Upton.Safar51@atlas.cz','2024-09-09 21:51:46','$2y$12$IHb2HlexGayM1Vi2tGNAYuvmERefnuKdsTDE1lN7yJiKzTYADAdMu',NULL,NULL,NULL,'2024-09-09 21:51:46','2024-09-09 21:51:46','1952-10-18','Nový Jičín','Hanzl v.o.s.',0,'960505','5636','999069496','420'),(524,'Toska','Hanus','Arkad_Vorlova0@volny.cz','2024-09-09 21:52:02','$2y$12$wGDrNb8HpHu7Khxu17YMBetJYDKqJqfj2SLW45mMzWXLAQN3upiZK',NULL,NULL,NULL,'2024-09-09 21:52:02','2024-09-09 21:52:02','1961-08-22','Mšeno','Konečný a Stibor v.o.s.',0,'960505','5636','691265115','420'),(526,'Brit','Špička','Liboslava.Kubes47@seznam.cz','2024-09-09 21:52:28','$2y$12$lTW34gy/B9VPY4hR9Nm2/OtVtUPlWZIRhXNKNRG0suzcsm2rbB3om',NULL,NULL,'526/profile_images/profile_526.jpg','2024-09-09 21:52:28','2024-09-09 21:52:28','1973-01-06','Plasy','Hořejší v.o.s.',0,'960505','5636','315853689','420'),(527,'Test','User4','test-user4@test.cz','2024-09-10 10:00:18','$2y$12$9OGyDSFo4xMikcukTFGJN.g9pRBEIPhi5wjz7iUkUuaatUqFDyuXW',NULL,NULL,NULL,'2024-09-10 10:00:18','2024-09-10 10:00:18','1992-09-09','Dubínkov','RBP',0,'960505','5636','434323423','420'),(528,'Admin','Way4','test-user5@test.cz','2024-09-11 16:06:28','$2y$12$hSCb08UbkA2f6SVQ0oIxTuDBTVqXsbXrJUe5j/fYh1mhG72atwcyO',NULL,NULL,'way4/528/profile_images/profile_528.jpg','2024-09-11 16:06:28','2024-09-11 16:06:28','1998-09-08','Dubínkov','RBP',0,'960505','5636','543453535','420'),(529,'Admin','Admin','admin@way4.cz',NULL,'$2y$12$3zwueKTJCjdGFdi12xVfa.gVt10r5hHtjjmY4N4SEhyoQdc/F6x0u',NULL,NULL,NULL,'2024-09-11 20:47:22','2024-09-11 20:47:22','2024-09-11','Admin','Admin',1,'111111','1111','111111111','111'),(530,'Radek','Vampola','r.vampola@seznam.cz','2024-09-13 09:34:39','$2y$12$tYw0uFBTxsOAefu5bPWchuEwfa.lwDdYmXYzhYCfvu7uGE82BJ3yS',NULL,NULL,NULL,'2024-09-13 09:34:39','2024-09-13 09:34:39','1986-04-21','Praha','213',0,'860421','0329','732960665','420'),(531,'Viktorie','Gembická','viki.gem12@gmail.com','2024-09-13 09:40:09','$2y$12$mIVJP8HTUNW2uYu.SGcIo.kjJDkGe0Rt/X5V4T6cLfeL8ssHRZqmC',NULL,NULL,'way4/531/profile_images/profile_531.jpg','2024-09-13 09:40:09','2024-09-13 09:40:09','2003-08-15','Karviná','RBP',0,'035815','5512','731053834','420'),(532,'Isidor','Červinková','Remus_Dvorackova@centrum.cz','2024-09-13 14:47:19','$2y$12$2ToJ7EnA8OUj/ARUrcJpEunHRGUe5eFGjL9ZwBWTPSeWISQMIzW32',NULL,NULL,NULL,'2024-09-13 14:47:19','2024-09-13 14:47:19','1936-12-05','Boskovice','Huml a Bednařík v.o.s.',0,'960505','5636','181650544','420'),(533,'Zoe','Kropáček','Myrtil17@seznam.cz','2024-09-13 14:47:35','$2y$12$aM981BuA5SQeQzmjBRjxiONrNeOLUs2XcboFkEwinu5EpzlqoBP76',NULL,NULL,NULL,'2024-09-13 14:47:35','2024-09-13 14:47:35','1997-01-29','Rožmberk nad Vltavou','Vodrážka a Staněk a.s.',0,'960505','5636','366821196','420'),(534,'Miroslav','Winkler','Klement_Hanus54@centrum.cz','2024-09-13 14:49:41','$2y$12$PvkxN/gaZmvtqPO9SVJgjerBRUnLK.IYzNu9lpwNC91mFhcqbSVWK',NULL,NULL,NULL,'2024-09-13 14:49:41','2024-09-13 14:49:41','2013-11-09','Turnov','Kratochvíl a Janák a.s.',0,'960505','5636','031867622','420'),(535,'Petrana','Krausová','Horst78@volny.cz','2024-09-13 14:49:57','$2y$12$Iq5a9lv3oSFbj.KCS612Wutp5TAlNttOFlDJPtKBY.eR3eSAWJKfW',NULL,NULL,NULL,'2024-09-13 14:49:57','2024-09-13 14:49:57','1948-03-09','Hostomice','Matějíček a Lavička s.r.o.',0,'960505','5636','990650235','420'),(536,'Kosmas','Hůlková','Jozefa.Rydlova@centrum.cz','2024-09-13 14:50:06','$2y$12$33biexjdrYqMx89.94M9iuEWwJs5PPma1Y56yITcIFTXiyIlibGCq',NULL,NULL,NULL,'2024-09-13 14:50:06','2024-09-13 14:50:06','2005-08-15','Žamberk','Rýdl a Florián a.s.',0,'960505','5636','175212787','420'),(537,'Dalimil','Prokopová','Estera_Vrzalova@seznam.cz','2024-09-13 14:50:22','$2y$12$ca55.SJLF6TKYWn.kwVPKOWs1UOxxdY3t32.h38M2XLGWYZAQElPm',NULL,NULL,'test/537/profile_images/profile_537.jpg','2024-09-13 14:50:22','2024-09-13 14:50:23','1959-07-27','Dolní Bousov','Novotný s.r.o.',0,'960505','5636','468056274','420'),(541,'Galina','Fridrich','Maximilian.Suchomelova@gmail.com','2024-09-14 11:11:37','$2y$12$G.Zhz0p8yJJPefFNJ9mR4Ot8oiu/DDxm1RoZgX92fszv2IkJsvljS',NULL,NULL,NULL,'2024-09-14 11:11:37','2024-09-14 11:11:37','1949-09-13','Jílové','Janečka a Tomeček v.o.s.',0,'960505','5636','364202344','420'),(542,'Dalie','Suchý','Theobald_Krenek@volny.cz','2024-09-14 11:11:53','$2y$12$h9UxFSA3xBEmoEUypcs5Sed3LN1qzOf/7lN.mZ6zPzIZmD.Bast8G',NULL,NULL,NULL,'2024-09-14 11:11:53','2024-09-14 11:11:53','1964-03-01','Neveklov','Buriánek a Veverka a.s.',0,'960505','5636','167085921','420'),(543,'Mirko','Švejda','Regina_Neuman@volny.cz','2024-09-14 11:13:56','$2y$12$0Yp7BvYPqrGt3AqbjeZs6ONuodiBgAegyFEVIsX/pdO1PXaEBQtLq',NULL,NULL,NULL,'2024-09-14 11:13:56','2024-09-14 11:13:56','1988-06-25','Harrachov','Brabec a Havlíček a.s.',0,'960505','5636','561354369','420'),(544,'Mirabela','Neubauer','Marian_Volny97@volny.cz','2024-09-14 11:14:12','$2y$12$5eWgRU2FSk50y0VnhuvP4eKUtR9jswYp/LA5eAwtObScWV.zJPpJ6',NULL,NULL,NULL,'2024-09-14 11:14:12','2024-09-14 11:14:12','1932-12-19','Jablonec nad Nisou','Zouharová a.s.',0,'960505','5636','078681930','420'),(545,'Luďka','Pernicová','Gerarda_Farkasova@atlas.cz','2024-09-14 11:14:22','$2y$12$n6zuOqxk1K3pXWryp341zOiwpgB6PbHhGwVLffxJzt2U7jkwX5VjK',NULL,NULL,NULL,'2024-09-14 11:14:22','2024-09-14 11:14:22','1930-09-19','Staré Město (okres Uherské Hradiště)','Voráček a Orság s.r.o.',0,'960505','5636','024588404','420'),(547,'Tristan','Urbánek','Dalida_Sediva@centrum.cz','2024-09-14 12:54:16','$2y$12$Ww3TqUIABoxXYYtGOEpuw.af3hcBLaEABrG1CUll8bs5XIhGzOhwa',NULL,NULL,NULL,'2024-09-14 12:54:16','2024-09-14 12:54:16','1967-06-24','Přimda','Vondrák v.o.s.',0,'960505','5636','067028871','420'),(548,'Florentina','Byrtus','Elvira_Sima@atlas.cz','2024-09-14 12:54:31','$2y$12$1etZaGunBjp3uFugm5hkCeD1T2zs1rVgzHCYE1DQbck62.1Pz5UMW',NULL,NULL,NULL,'2024-09-14 12:54:31','2024-09-14 12:54:31','1956-11-13','Ronov nad Doubravou','Matějíček a Čonka s.r.o.',0,'960505','5636','372981612','420');
/*!40000 ALTER TABLE `users` ENABLE KEYS */;
UNLOCK TABLES;
/*!40103 SET TIME_ZONE=@OLD_TIME_ZONE */;

/*!40101 SET SQL_MODE=@OLD_SQL_MODE */;
/*!40014 SET FOREIGN_KEY_CHECKS=@OLD_FOREIGN_KEY_CHECKS */;
/*!40014 SET UNIQUE_CHECKS=@OLD_UNIQUE_CHECKS */;
/*!40101 SET CHARACTER_SET_CLIENT=@OLD_CHARACTER_SET_CLIENT */;
/*!40101 SET CHARACTER_SET_RESULTS=@OLD_CHARACTER_SET_RESULTS */;
/*!40101 SET COLLATION_CONNECTION=@OLD_COLLATION_CONNECTION */;
/*!40111 SET SQL_NOTES=@OLD_SQL_NOTES */;

-- Dump completed on 2024-09-14 14:14:57
